<grails>
  <resources>
    <resource>DefaultSecurityConfig</resource>
    <resource>grails.plugin.jms.JmsService</resource>
    <resource>JQueryConfig</resource>
    <resource>grails.plugins.springsecurity.SecurityTagLib</resource>
    <resource>EasyuiController</resource>
    <resource>DefaultJmsBeans</resource>
    <resource>JQueryResourceTagLib</resource>
    <resource>grails.plugins.springsecurity.SpringSecurityService</resource>
    <resource>DefaultActiveMQConfig</resource>
    <resource>JQueryTagLib</resource>
    <resource>JQueryPluginResources</resource>
    <resource>easyui.EasyuiTagLib</resource>
    <resource>DbdocUrlMappings</resource>
    <resource>grails.plugin.databasemigration.DbdocController</resource>
    <resource>JQueryService</resource>
    <resource>ApplicationResources</resource>
    <resource>BootStrap</resource>
    <resource>BuildConfig</resource>
    <resource>Config</resource>
    <resource>DataSource</resource>
    <resource>resources</resource>
    <resource>UrlMappings</resource>
    <resource>com.bjrxht.notify.AccountController</resource>
    <resource>com.bjrxht.notify.BankController</resource>
    <resource>com.bjrxht.notify.InfoController</resource>
    <resource>com.bjrxht.notify.MessageController</resource>
    <resource>com.bjrxht.notify.NoticeController</resource>
    <resource>com.bjrxht.notify.PhoneController</resource>
    <resource>com.bjrxht.notify.StrategyController</resource>
    <resource>LoginController</resource>
    <resource>LogoutController</resource>
    <resource>com.basic.core.BaseRole</resource>
    <resource>com.basic.core.BaseUser</resource>
    <resource>com.basic.core.BaseUserBaseRole</resource>
    <resource>com.basic.core.Requestmap</resource>
    <resource>com.bjrxht.notify.Account</resource>
    <resource>com.bjrxht.notify.Bank</resource>
    <resource>com.bjrxht.notify.Info</resource>
    <resource>com.bjrxht.notify.Phone</resource>
    <resource>com.bjrxht.notify.Strategy</resource>
    <resource>com.bjrxht.notify.TraceLog</resource>
    <resource>com.bjrxht.notify.CircularService</resource>
  </resources>
  <plugins>
    <plugin>ExecutorGrailsPlugin</plugin>
    <plugin>JqueryGrailsPlugin</plugin>
    <plugin>FlexGrailsPlugin</plugin>
    <plugin>JmsGrailsPlugin</plugin>
    <plugin>SpringSecurityCoreGrailsPlugin</plugin>
    <plugin>EasyuiGrailsPlugin</plugin>
    <plugin>ActivemqGrailsPlugin</plugin>
    <plugin>HibernateGrailsPlugin</plugin>
    <plugin>DatabaseMigrationGrailsPlugin</plugin>
  </plugins>
</grails>