<?xml version="1.0" encoding="UTF-8"?>
<services-config>

    <services>
        <service id="grails-remoting-service" class="flex.messaging.services.RemotingService">
            <adapters>
                <adapter-definition id="java-object" class="flex.messaging.services.remoting.adapters.JavaAdapter" default="true"/>
            </adapters>
        </service>

        <!-- 
        Grails bootstrap service. This service registers the SpringFactory and 
        creates destinations for the annotated Grails services.
        -->
        <service id="grails-service" class="org.codehaus.groovy.grails.plugins.flex.GrailsBootstrapService"></service>

        <service id="message-service" class="flex.messaging.services.MessageService" messageTypes="flex.messaging.messages.AsyncMessage">

            <adapters>
                <adapter-definition id="jms" class="flex.messaging.services.messaging.adapters.JMSAdapter" default="true"/>
            </adapters>
            <destination id="tpc">
                <properties>
                    <jms>
                        <message-type>javax.jms.ObjectMessage</message-type>
                        <connection-factory>ConnectionFactory</connection-factory>
                        <destination-jndi-name>notification</destination-jndi-name>
                        <delivery-mode>NON_PERSISTENT</delivery-mode>
                        <message-priority>DEFAULT_PRIORITY</message-priority>
                        <acknowledge-mode>AUTO_ACKNOWLEDGE</acknowledge-mode>
                        <transacted-sessions>false</transacted-sessions>
                        <initial-context-environment>
                            <property>
                                <name>Context.PROVIDER_URL</name>
                                <value>vm://localhost</value>
                            </property>
                            <property>
                                <name>Context.INITIAL_CONTEXT_FACTORY</name>
                                <value>org.apache.activemq.jndi.ActiveMQInitialContextFactory</value>
                            </property>
                            <property>
                                <name>topic.notification</name>
                                <value>feedback</value>
                            </property>
                        </initial-context-environment>
                    </jms>
                </properties>
            </destination>

        </service>
        <!-- 
        Application level default channels. Application level default channels are 
        necessary when a dynamic destination is being used by a service component
        and no ChannelSet has been defined for the service component. In that case,
        application level default channels will be used to contact the destination.
        -->   
        <default-channels>
           <channel ref="grails-amf"/>
        </default-channels>
    </services>

    <channels>
        <channel-definition id="grails-amf" class="mx.messaging.channels.AMFChannel">
            <endpoint url="http://{server.name}:{server.port}/{context.root}/messagebroker/amf" class="flex.messaging.endpoints.AMFEndpoint"/>
        </channel-definition>
    </channels>

</services-config>
